Job Title,Job Description
Data Analyst,Analyze data using Python SQL and Excel to generate insights
Web Developer,Build websites using HTML CSS JavaScript and React
Backend Developer,Develop APIs using Python Django and databases
Machine Learning Engineer,Build ML models using Python and data analysis
UI Designer,Design user interfaces using Figma and UX principles
Cyber Security Analyst,Monitor systems and ensure network security
Software Engineer,Develop software applications using programming languages
Mobile App Developer,Build mobile apps using Flutter or Android
Cloud Engineer,Manage cloud infrastructure using AWS and Azure
DevOps Engineer,Automate deployment using CI CD tools and Docker
Game Developer,Develop games using Unity and C#
Database Administrator,Manage databases using SQL and optimization
System Administrator,Maintain IT systems and troubleshoot issues
AI Engineer,Work on artificial intelligence and deep learning models
Frontend Developer,Develop UI using HTML CSS JavaScript frameworks

Data Analyst,Work with datasets using Python Pandas and visualization
Web Developer,Create responsive websites and web apps
Backend Developer,Develop server-side logic and APIs
Machine Learning Engineer,Train models and process large datasets
UI Designer,Design modern and user-friendly interfaces
Cyber Security Analyst,Protect systems from cyber threats
Software Engineer,Write scalable and efficient code
Mobile App Developer,Design mobile user experiences
Cloud Engineer,Deploy applications on cloud platforms
DevOps Engineer,Monitor systems and automate workflows
Game Developer,Create interactive gaming experiences
Database Administrator,Ensure database performance and backup
System Administrator,Handle system configurations and updates
AI Engineer,Build AI-powered solutions
Frontend Developer,Create visually appealing web interfaces

Data Analyst,Interpret data trends using analytics tools
Web Developer,Build and maintain websites
Backend Developer,Develop backend systems with APIs
Machine Learning Engineer,Apply ML techniques to solve problems
UI Designer,Improve user experience design
Cyber Security Analyst,Detect and prevent cyber attacks
Software Engineer,Design and implement software systems
Mobile App Developer,Develop Android and iOS apps
Cloud Engineer,Work with cloud computing services
DevOps Engineer,Improve development lifecycle efficiency
Game Developer,Design and develop video games
Database Administrator,Maintain structured data systems
System Administrator,Ensure system uptime and reliability
AI Engineer,Develop intelligent algorithms
Frontend Developer,Build client-side applications

Data Analyst,Use SQL and Python for reporting
Web Developer,Work with frontend and backend technologies
Backend Developer,Handle server logic and databases
Machine Learning Engineer,Build predictive models
UI Designer,Design layouts and prototypes
Cyber Security Analyst,Ensure information security
Software Engineer,Develop applications for users
Mobile App Developer,Build cross-platform apps
Cloud Engineer,Maintain cloud resources
DevOps Engineer,Automate testing and deployment
Game Developer,Create engaging gameplay systems
Database Administrator,Optimize queries and data storage
System Administrator,Manage servers and networks
AI Engineer,Work with neural networks
Frontend Developer,Develop interactive user interfaces

Data Analyst,Analyze business data for insights
Web Developer,Design dynamic web pages
Backend Developer,Implement APIs and services
Machine Learning Engineer,Work on AI models
UI Designer,Enhance UI UX design
Cyber Security Analyst,Secure digital systems
Software Engineer,Code and debug applications
Mobile App Developer,Build mobile solutions
Cloud Engineer,Deploy scalable applications
DevOps Engineer,Use Docker and Kubernetes
Game Developer,Develop gaming engines
Database Administrator,Handle database security
System Administrator,Support IT infrastructure
AI Engineer,Build smart applications
Frontend Developer,Work with React and Angular

Data Analyst,Visualize data using tools
Web Developer,Maintain websites and web apps
Backend Developer,Develop backend frameworks
Machine Learning Engineer,Train AI models
UI Designer,Create user-centered designs
Cyber Security Analyst,Monitor threats and vulnerabilities
Software Engineer,Build robust software systems
Mobile App Developer,Develop mobile interfaces
Cloud Engineer,Work with distributed systems
DevOps Engineer,Improve deployment pipelines
Game Developer,Design gaming experiences
Database Administrator,Maintain database health
System Administrator,Configure servers
AI Engineer,Apply AI techniques
Frontend Developer,Design responsive UI